{"symbols_and_signs.txt": 4.175700379095138, "the_bogey_beast.txt": 4.190823107916889, "sticks.txt": 4.230254556710894, "break_it_down.txt": 4.294892140725052, "the_lottery.txt": 4.23313888023971, "the_veldt.txt": 4.253378383307897, "cathedral.txt": 4.180318351044349, "cat_person.txt": 4.306601435587591, "flowers_for_algernon.txt": 4.163578246954333, "a_good_man_is_hard_to_find.txt": 4.228997378126438}