{"symbols_and_signs.txt": 0.387987012987013, "the_bogey_beast.txt": 0.4376528117359413, "sticks.txt": 0.46741753821399834, "break_it_down.txt": 0.5466666666666666, "the_lottery.txt": 0.480106100795756, "the_veldt.txt": 0.46099999999999997, "cathedral.txt": 0.495656894679696, "cat_person.txt": 0.44345616264294785, "flowers_for_algernon.txt": 0.48888888888888893, "a_good_man_is_hard_to_find.txt": 0.47749077490774905}