{"symbols_and_signs.txt": 4.2287814546510605, "the_bogey_beast.txt": 4.266418116275381, "sticks.txt": 4.172068020443276, "break_it_down.txt": 4.18443269055445, "the_lottery.txt": 4.274741297665293, "the_veldt.txt": 4.308991608663795, "cathedral.txt": 4.296665241102462, "cat_person.txt": 4.129661430068183, "flowers_for_algernon.txt": 4.194719786551101, "a_good_man_is_hard_to_find.txt": 4.239695152898944}