{"symbols_and_signs.txt": 0.3847402597402597, "the_bogey_beast.txt": 0.42665036674816625, "sticks.txt": 0.45052292839903463, "break_it_down.txt": 0.5171014492753623, "the_lottery.txt": 0.46485411140583555, "the_veldt.txt": 0.44599999999999995, "cathedral.txt": 0.4771986970684039, "cat_person.txt": 0.4256670902160101, "flowers_for_algernon.txt": 0.4685990338164251, "a_good_man_is_hard_to_find.txt": 0.4656826568265683}