{"symbols_and_signs.txt": 1.0, "the_bogey_beast.txt": 1.0, "sticks.txt": 0.9999999999999999, "break_it_down.txt": 0.9999999999999998, "the_lottery.txt": 0.9999999999999999, "the_veldt.txt": 1.0, "cathedral.txt": 1.0000000000000002, "cat_person.txt": 1.0000000000000002, "flowers_for_algernon.txt": 1.0, "a_good_man_is_hard_to_find.txt": 1.0}